"Patient_ID","Patient_Password","Patient_First_Name","Patient_Last_Name","Patient_Email","Doctor_ID","Appointment_ID","Service_ID"
"12345555","Uz0sHM3P","Donark","Patel","pateldonark@gmail.com","2","2","2"
"12345678","Uz0sHM3P","Emma","Scott","umahmoud0730@bar24.top","4","41","3"
"13783679","o7vyj3kU","Nathan","Curtis","lraju.7@gafemarket.site","2","2","2"
"14281635","oxU2Yebi","Amber","Stevenson","mdown4lo@fibered763aa.online","2","2","2"
"14949147","GU16k2wU","Ella","Ramirez","inany.zoom.1c@897tu.com","2","2","2"
"22002712","tK5efsmC","Adam","Bowen","uthiago.luz.3@rifkian.cf","2","2","2"
"23220730","Dza8ABtF","Matthew","Herrera","kwhiteniesn@mailboxvip.com","2","2","2"
"26763363","3eLm2mL9","Liam ","Scotts","rcuboahmed@spacepush.org","2","2","2"
"27697108","I2Uthe07","Martha","Shepherd","oandrezi@rajegsquad.site","2","2","2"
"28951083","cdAgcPTm","Robert","Chambers","8shankaralib@tewijihu.site","2","2","2"
"31152792","zQv9yZiZ","Jack","Stewart","jmedo2s.abus@opaywallet.org","2","2","2"
"31603968","PU4pNHe6","Mia","Ross","mkengpolier52@kiev-lottery.org","2","2","2"
"32165487","Uz0sHM3P","Donark","Patel","pateldonark@gmail.com","2","2","2"
"37761989","suNO3Drj","Mohammed","Fernandez","yfoul@premiumail.ml","2","2","2"
"42255068","p47yp4sM","Jasmine","Peterson","1karim.elaaig@games-box.info","2","2","2"
"44540580","HdAgcPTd","Thomas","Chavez","rnels@zurtel.gq","2","2","2"
"47115212","HdAgcPTa","Samuel","Thompson","kadria@neweranews3.com","2","2","2"
"47716462","YTZZTHhA","Luke","Meyer","3alexandre.olivee@kaiwh.us","2","2","2"
"51269419","4EIin0bw","Jacob","Grant","tamine.el.12@chordguitar.us","2","2","2"
"58766976","HdAgcPTm","Phoebe","Burns","1karim.el12aaig@games-box.info","2","2","2"
"62607503","bdAgcPTm","Rebecca","Graves","omehjabin.so@smartpikes.site","2","2","2"
"63987109","cuvxMM6L","Molly","Robinson","ufadhil20@hypeinteractive.us","2","2","2"
"68868419","adAgcPTm","Poppy","Lewis","uramee.laythb@magnumx.site","2","2","2"
"68910673","niiN23wr","Florence","Harrington","8khalid_zara@sonytoto.org","2","2","2"
"70657025","FeXb98x2","Holly","Kirby","etimemoon159@rsx.cash","2","2","2"
"72026005","R60vepzd","Hannah","Gomez","ayaya@5ocwa7.com","2","2","2"
"74347853","M9Y9V1hm","James","Austin","5sarand@kidspocketmoney.org","2","2","2"
"80160597","dHtliFhr","Imogen","Fitzgerald","gvictor@delonguiseavolt.ca","2","2","2"
"82666244","3ayrUmDc","Jimmy","Berry","yanta.mal.ahlk0z@zurtel.ml","2","2","2"
"88987475","y8jEHDnm","Ethan","Davidson","uhamza@nguyenusedcars.com","2","2","2"
"89716010","PU4pNHe6","Edward","Spencer","61995.medl@argorouting4.com","2","2","2"
"99469983","L0ZGG5B9","Harry","Lane","xifraz12345g@creasily.xyz","2","2","2"
